{"cameraMode":{"drawMode":0,"name":"Shaded","section":"Shading Mode"},"sceneLighting":true,"audioPlay":false,"sceneViewState":{"showFog":true,"showMaterialUpdate":true,"showSkybox":true,"showFlares":true,"showImageEffects":true,"showParticleSystems":true},"in2DMode":false,"pivot":{"x":0.5431428551673889,"y":-0.45042672753334048,"z":30.258577346801759},"rotation":{"x":0.4200117588043213,"y":0.01788121648132801,"z":-0.008659699000418187,"w":0.90743488073349},"size":1.8923578262329102,"orthographic":false}